{"schemaVersion":"1.0","appDefinitionTemplate":{"id":"/providers/Microsoft.PowerApps/apps/","type":"Microsoft.PowerApps/apps","tags":{"primaryDeviceWidth":"1366","primaryDeviceHeight":"768","supportsPortrait":"true","supportsLandscape":"true","primaryFormFactor":"Tablet","showStatusBar":"false","publisherVersion":"3.24013.17","minimumRequiredApiVersion":"2.2.0","hasComponent":"false","hasUnlockedComponent":"false","isUnifiedRootApp":"false","offlineLargeFilesSupport":"false","sienaVersion":"20240129T200834Z-3.24013.17.0"},"properties":{"appVersion":"2024-01-29T20:08:34Z","lifeCycleId":"Published","createdByClientVersion":{"major":3,"minor":24013,"build":17,"revision":0,"majorRevision":0,"minorRevision":0},"minClientVersion":{"major":3,"minor":24013,"build":17,"revision":0,"majorRevision":0,"minorRevision":0},"backgroundColor":"RGBA(0,176,240,1)","backgroundImageUri":"/5481302467888865381/N1c3ee9cd-4645-4cd9-94ac-abfe52b79e57-logoSmallFile","displayName":"Dynamic Travel Expense Report","description":"testpublish33","commitMessage":"Save app with description provided in publish dialog.","appUris":{"documentUri":{"value":"/5481302467888865381/N627f1ce9-93f4-48d6-b6ba-5886860148e9-document.msapp"},"imageUris":[],"additionalUris":[{"isSolutionAware":false,"value":"/5481302467888865381/N7ec4fd5d-2b97-4c05-8f62-b99090a98d44-identity.json"}]},"createdTime":"0001-01-01T00:00:00Z","lastModifiedTime":"0001-01-01T00:00:00Z","sharedGroupsCount":0,"sharedUsersCount":0,"connectionReferences":{"1dc3a939-d416-4aeb-ab78-70704d471ab0":{"id":"be441fd6-9a1b-4468-926c-457d82855d00","displayName":"Office 365 Users","iconUri":"https://connectoricons-prod.azureedge.net/releases/v1.0.1672/1.0.1672.3545/office365users/icon.png","dataSources":["Office365Users"],"dependencies":[],"dependents":[],"parameterHints":{},"parameterHintsV2":{},"isOnPremiseConnection":false,"bypassConsent":false,"dataSets":{},"apiTier":"Standard","isCustomApiConnection":false,"actions":["SearchUserV2","UserPhotoMetadata","UserPhoto_V2"]},"bc6fc6bd-45ec-48f6-8b6d-acde109c277a":{"id":"8b1b3105-2038-4f8e-ac0f-40c630958c29","displayName":"SharePoint","iconUri":"https://connectoricons-prod.azureedge.net/releases/v1.0.1670/1.0.1670.3526/sharepointonline/icon.png","dataSources":["PATestList","PaymentRequest"],"dependencies":[],"dependents":["c7a861c0-39e2-45e1-85f3-3cc92a76db3c","4f8ffdcc-8ec9-4b92-813d-c15564523c75"],"parameterHints":{},"parameterHintsV2":{},"isOnPremiseConnection":false,"bypassConsent":false,"dataSets":{"https://reginapubliclibrary.sharepoint.com/sites/dep-digital-service-innovation-121-IanandJeff":{"dataSources":{"PATestList":{"tableName":"fdb122d9-ed4c-4c4d-af8f-74e3ee497ede"}}},"https://reginapubliclibrary.sharepoint.com/sites/dep-digital-service-innovation":{"dataSources":{"PaymentRequest":{"tableName":"e231c9ea-f694-48c2-8015-1226959c5c27"}}}},"apiTier":"Standard","isCustomApiConnection":false},"cc9701f6-c3f4-4169-8744-9133246edab1":{"id":"a2a2e5d9-d503-4e01-b67d-0bfc15530bce","displayName":"Logic flows","iconUri":"https://connectoricons-prod.azureedge.net/releases/v1.0.1664/1.0.1664.3477/logicflows/icon.png","dataSources":["paymentrequest"],"dependencies":["73b25bc6-23b3-4c7e-8167-5f5aa097c87e"],"dependents":[],"parameterHints":{"workflowName":{"value":"8e9e12fe-9dfd-4140-8c53-7c870f2a1b90"},"workflowEntityId":{},"73b25bc6-23b3-4c7e-8167-5f5aa097c87e":{"value":"shared_office365"}},"parameterHintsV2":{"workflowName":{"value":"8e9e12fe-9dfd-4140-8c53-7c870f2a1b90"},"workflowEntityId":{},"shared_office365":{"value":"73b25bc6-23b3-4c7e-8167-5f5aa097c87e"}},"isOnPremiseConnection":false,"bypassConsent":false,"dataSets":{},"apiTier":"Standard","isCustomApiConnection":false,"actions":["Run"],"nestedActions":[{"id":"/providers/Microsoft.PowerApps/apis/shared_office365/apiOperations/SendEmailV2","apiName":"Office 365 Outlook","actionName":"SendEmailV2","referencedResources":[]}]},"73b25bc6-23b3-4c7e-8167-5f5aa097c87e":{"id":"a28e742a-0354-4e86-ba47-be9ce9914e1f","displayName":"Office 365 Outlook","iconUri":"https://connectoricons-prod.azureedge.net/releases/v1.0.1669/1.0.1669.3522/office365/icon.png","dataSources":[],"dependencies":[],"dependents":["cc9701f6-c3f4-4169-8744-9133246edab1","c7a861c0-39e2-45e1-85f3-3cc92a76db3c","4f8ffdcc-8ec9-4b92-813d-c15564523c75"],"parameterHints":{},"parameterHintsV2":{},"isOnPremiseConnection":false,"bypassConsent":false,"dataSets":{},"apiTier":"Standard","isCustomApiConnection":false},"c7a861c0-39e2-45e1-85f3-3cc92a76db3c":{"id":"a2a2e5d9-d503-4e01-b67d-0bfc15530bce","displayName":"Logic flows","iconUri":"https://connectoricons-prod.azureedge.net/releases/v1.0.1664/1.0.1664.3477/logicflows/icon.png","dataSources":["expense"],"dependencies":["bc6fc6bd-45ec-48f6-8b6d-acde109c277a","73b25bc6-23b3-4c7e-8167-5f5aa097c87e"],"dependents":[],"parameterHints":{"workflowName":{"value":"8a3ba664-bfaa-4df9-944a-6a00dba9b495"},"workflowEntityId":{},"bc6fc6bd-45ec-48f6-8b6d-acde109c277a":{"value":"shared_sharepointonline"},"73b25bc6-23b3-4c7e-8167-5f5aa097c87e":{"value":"shared_office365"}},"parameterHintsV2":{"workflowName":{"value":"8a3ba664-bfaa-4df9-944a-6a00dba9b495"},"workflowEntityId":{},"shared_sharepointonline":{"value":"bc6fc6bd-45ec-48f6-8b6d-acde109c277a"},"shared_office365":{"value":"73b25bc6-23b3-4c7e-8167-5f5aa097c87e"}},"isOnPremiseConnection":false,"bypassConsent":false,"dataSets":{},"apiTier":"Standard","isCustomApiConnection":false,"actions":["Run"],"nestedActions":[{"id":"/providers/Microsoft.PowerApps/apis/shared_sharepointonline/apiOperations/CreateFile","apiName":"SharePoint","actionName":"CreateFile","referencedResources":[{"key":"site","value":"https://reginapubliclibrary.sharepoint.com/sites/dep-digital-service-innovation"}]},{"id":"/providers/Microsoft.PowerApps/apis/shared_office365/apiOperations/SendEmailV2","apiName":"Office 365 Outlook","actionName":"SendEmailV2","referencedResources":[]}]},"4f8ffdcc-8ec9-4b92-813d-c15564523c75":{"id":"a2a2e5d9-d503-4e01-b67d-0bfc15530bce","displayName":"Logic flows","iconUri":"https://connectoricons-prod.azureedge.net/releases/v1.0.1664/1.0.1664.3477/logicflows/icon.png","dataSources":["invoice"],"dependencies":["73b25bc6-23b3-4c7e-8167-5f5aa097c87e","bc6fc6bd-45ec-48f6-8b6d-acde109c277a"],"dependents":[],"parameterHints":{"workflowName":{"value":"070072b8-258d-4317-bdf8-9d0d671c291c"},"workflowEntityId":{},"73b25bc6-23b3-4c7e-8167-5f5aa097c87e":{"value":"shared_office365"},"bc6fc6bd-45ec-48f6-8b6d-acde109c277a":{"value":"shared_sharepointonline"}},"parameterHintsV2":{"workflowName":{"value":"070072b8-258d-4317-bdf8-9d0d671c291c"},"workflowEntityId":{},"shared_office365":{"value":"73b25bc6-23b3-4c7e-8167-5f5aa097c87e"},"shared_sharepointonline":{"value":"bc6fc6bd-45ec-48f6-8b6d-acde109c277a"}},"isOnPremiseConnection":false,"bypassConsent":false,"dataSets":{},"apiTier":"Standard","isCustomApiConnection":false,"actions":["Run"],"nestedActions":[{"id":"/providers/Microsoft.PowerApps/apis/shared_office365/apiOperations/SendEmailV2","apiName":"Office 365 Outlook","actionName":"SendEmailV2","referencedResources":[]},{"id":"/providers/Microsoft.PowerApps/apis/shared_sharepointonline/apiOperations/CreateFile","apiName":"SharePoint","actionName":"CreateFile","referencedResources":[{"key":"site","value":"https://reginapubliclibrary.sharepoint.com/sites/FormsPrototype2"}]}]}},"databaseReferences":{},"almMode":"Environment","performanceOptimizationEnabled":true,"canConsumeAppPass":true,"enableModernRuntimeMode":false,"executionRestrictions":{"isTeamsOnly":false,"dataLossPreventionEvaluationResult":{"status":"Compliant","lastEvaluationDate":"2024-01-29T20:08:40.1676538Z","violations":[],"violationsByPolicy":[],"violationErrorMessage":"The app uses the following connectors: shared_office365users, shared_sharepointonline, shared_logicflows, shared_office365."},"httpActionRestriction":{"appUsesSharepointHttpAction":false,"enforcementStrategy":"Legacy","evaluationTime":"2024-01-29T20:08:40.1675591Z"}}},"appType":"ClassicCanvasApp","appComponents":[]}}