{"name":"952a5336-c10f-4ebf-8f24-8c2c66d8b26c","id":"/providers/Microsoft.Flow/flows/952a5336-c10f-4ebf-8f24-8c2c66d8b26c","type":"Microsoft.Flow/flows","properties":{"apiId":"/providers/Microsoft.PowerApps/apis/shared_logicflows","displayName":"paymentrequest","definition":{"metadata":{"workflowEntityId":null,"processAdvisorMetadata":null,"flowChargedByPaygo":null,"flowclientsuspensionreason":"None","flowclientsuspensiontime":null,"flowclientsuspensionreasondetails":null,"creator":{"id":"b3762a91-8ef3-4b83-9c6d-dd64a2a3a8d2","type":"User","tenantId":"11ec8bd7-1f49-408c-aa41-a59be068953e"},"provisioningMethod":"FromDefinition","failureAlertSubscription":true,"clientLastModifiedTime":"2024-01-29T20:05:54.3475186Z","connectionKeySavedTimeKey":"2024-01-29T20:05:54.3475186Z"},"$schema":"https://schema.management.azure.com/providers/Microsoft.Logic/schemas/2016-06-01/workflowdefinition.json#","contentVersion":"1.0.0.0","parameters":{"$authentication":{"defaultValue":{},"type":"SecureObject"},"$connections":{"defaultValue":{},"type":"Object"}},"triggers":{"manual":{"metadata":{"operationMetadataId":"b70cf68f-5872-4d29-a006-aa550f9fba00"},"type":"Request","kind":"PowerAppV2","inputs":{"schema":{"type":"object","properties":{"file":{"title":"File Content","type":"object","x-ms-dynamically-added":true,"description":"Please select file or image","x-ms-content-hint":"FILE","properties":{"name":{"type":"string"},"contentBytes":{"type":"string","format":"byte"}}}},"required":[]}}}},"actions":{"Send_an_email_(V2)":{"runAfter":{},"metadata":{"operationMetadataId":"4fdace17-7e9e-4610-8e47-f4d4f56db756"},"type":"OpenApiConnection","inputs":{"parameters":{"emailMessage/To":"ipedeglorio@reginalibrary.ca","emailMessage/Subject":"Payment Request Form","emailMessage/Body":"<p>This email contains an attached Payment Request Form PDF</p>","emailMessage/Attachments":[{"Name":"@triggerBody()['file']['name']","ContentBytes":"@triggerBody()['file']['contentBytes']"}],"emailMessage/Importance":"Normal"},"host":{"apiId":"/providers/Microsoft.PowerApps/apis/shared_office365","connectionName":"shared_office365","operationId":"SendEmailV2"},"authentication":{"value":"@json(decodeBase64(triggerOutputs().headers['X-MS-APIM-Tokens']))['$ConnectionKey']","type":"Raw"}}}}},"connectionReferences":{"shared_office365":{"connectionName":"ef35ccd5f23b4b75af15bc40830c1286","source":"Invoker","id":"/providers/Microsoft.PowerApps/apis/shared_office365","tier":"NotSpecified"}},"flowFailureAlertSubscribed":false,"isManaged":false}}